productName,brandName,category,productImage,description,price,sellingPrice,createdAt,updatedAt,__v,carbonfootprint,sustainabilityRating,recyclable
TSHIRT ,PUMA ,fashion,"['http://res.cloudinary.com/ds68wrni8/image/upload/v1729405312/stationary_products/nnndaatypdgxf4iujend.jpg', 'http://res.cloudinary.com/ds68wrni8/image/upload/v1729405320/stationary_products/wn6dlngt7cf9lf9sndfu.jpg']","
Puma Men's Printed Slim Fit T-Shirt",1299,646,2024-10-20 06:23:18.307,2024-11-01 16:24:44.058,0,44,C,Yes
TSHIRT,ALLEN,fashion,"['http://res.cloudinary.com/ds68wrni8/image/upload/v1729405551/stationary_products/wqhzwxizzcxorerrhoh2.jpg', 'http://res.cloudinary.com/ds68wrni8/image/upload/v1729405557/stationary_products/vmg0h4itnq4iphl51ebm.jpg', 'http://res.cloudinary.com/ds68wrni8/image/upload/v1729405563/stationary_products/pzltbipi5lx6cfwo2p5d.jpg']",Allen Solly Men's Slim Fit T-Shirt Recycled,1099,519,2024-10-20 06:26:39.562,2024-11-09 16:16:29.497,0,27,B,Yes
TSHIRT,BEWAKOOF,fashion,"['http://res.cloudinary.com/ds68wrni8/image/upload/v1729405661/stationary_products/djlbiowtmhqitpapjqmp.jpg', 'http://res.cloudinary.com/ds68wrni8/image/upload/v1729405671/stationary_products/tkfgwmljfweq8kp6elex.jpg']",Bewakoof Men's Graphic Print Oversized Fit Half Sleeve Round Neck Cotton T-Shirt,1149,549,2024-10-20 06:28:20.236,2024-11-09 16:16:52.513,0,19,B,Yes
TSHIRT,U.S.POLO.ASSN,fashion,"['http://res.cloudinary.com/ds68wrni8/image/upload/v1729405785/stationary_products/ydcngstrerw5qhmu6mgj.jpg', 'http://res.cloudinary.com/ds68wrni8/image/upload/v1729405793/stationary_products/jzed4mqmbvdww0wpfauw.jpg']",U.S. POLO ASSN. Men's Slim Fit T-Shirts Recycled,1699,600,2024-10-20 06:30:23.409,2024-11-09 16:17:08.882,0,25,A,Yes
TSHIRT,LEVI'S,fashion,"['http://res.cloudinary.com/ds68wrni8/image/upload/v1729405897/stationary_products/nim09r248cldtiaxlmnd.jpg', 'http://res.cloudinary.com/ds68wrni8/image/upload/v1729405940/stationary_products/keibki1cyr4ehxo8aq1k.jpg']",Levi's Men's Regular Fit T-Shirt,2199,659,2024-10-20 06:32:57.826,2024-11-09 16:17:25.761,0,30,A,Yes
TSHIRT,BEWAKOOF,fashion,"['http://res.cloudinary.com/ds68wrni8/image/upload/v1729406423/stationary_products/wfvo8pvvq7xv1tgoctwq.jpg', 'http://res.cloudinary.com/ds68wrni8/image/upload/v1729406429/stationary_products/urk6ngjrlzodyixqggfq.jpg', 'http://res.cloudinary.com/ds68wrni8/image/upload/v1729406434/stationary_products/ti42nju4t6s5ibyyia6w.jpg']","Bewakoof Women's Graphic Printed 100% Cotton T-Shirt - Boyfriend Fit, Round Neck, Half Sleeve",999,399,2024-10-20 06:41:01.018,2024-11-09 16:17:44.309,0,18,A,Yes
TSHIRT,LEVI'S,fashion,"['http://res.cloudinary.com/ds68wrni8/image/upload/v1729406524/stationary_products/zhdblf81vnkbywfdb7ob.jpg', 'http://res.cloudinary.com/ds68wrni8/image/upload/v1729406533/stationary_products/tg0ktazndxvztv5zbun7.jpg', 'http://res.cloudinary.com/ds68wrni8/image/upload/v1729406541/stationary_products/tleltpbbrc7qz5sa0try.jpg']",Levi's Women's Geometric Regular Fit T-Shirt,999,450,2024-10-20 06:42:49.837,2024-11-09 16:18:01.699,0,9,A,Yes
TSHIRT,BEWAKOOF,fashion,"['http://res.cloudinary.com/ds68wrni8/image/upload/v1729406629/stationary_products/xtkl71fcf7asmynpapvg.jpg', 'http://res.cloudinary.com/ds68wrni8/image/upload/v1729406640/stationary_products/wxihodk7itnwwuvyls9d.jpg']",Bewakoof Women's Graphic Printed Oversized Fit Half Sleeve Round Neck Cotton T-Shirt,1499,449,2024-10-20 06:44:27.399,2024-11-09 16:18:15.906,0,15,A,Yes
TOP,FabAlley,fashion,"['http://res.cloudinary.com/ds68wrni8/image/upload/v1729406727/stationary_products/ofrmzmbybgbnhw1yhhkf.jpg', 'http://res.cloudinary.com/ds68wrni8/image/upload/v1729406735/stationary_products/chz0u9cnxckkcrormkau.jpg']",FabAlley Women's Pink Schiffli Off Shoulder Top,1600,800,2024-10-20 06:45:57.335,2024-11-09 16:18:31.195,0,18,B,Yes
TELEVISION,SAMSUNG,electronics,"['http://res.cloudinary.com/ds68wrni8/image/upload/v1729407237/stationary_products/by959usiwz0lavpfxff4.webp', 'http://res.cloudinary.com/ds68wrni8/image/upload/v1729407241/stationary_products/gbqxltdmzfr7ypbvlgp5.jpg', 'http://res.cloudinary.com/ds68wrni8/image/upload/v1729407246/stationary_products/gkksbqwfirewshxut2a7.jpg']",Samsung 108 cm (43 inches) D Series Crystal 4K Vivid Ultra HD Smart LED TV UA43DUE70BKLXL (Black),44900,28490,2024-10-20 06:54:44.317,2024-11-09 16:19:14.484,0,68,C,No
TELEVISION,LG,electronics,"['http://res.cloudinary.com/ds68wrni8/image/upload/v1729407351/stationary_products/asvurw2drmozz2ccjks1.webp', 'http://res.cloudinary.com/ds68wrni8/image/upload/v1729407369/stationary_products/ght8lhrwbq5ncy1pgmdn.jpg', 'http://res.cloudinary.com/ds68wrni8/image/upload/v1729407380/stationary_products/ejhzthcoudw3sxyhatzh.jpg']",LG 139 cm (55 inches) 4K Ultra HD Smart LED TV 55UR7500PSC (Dark Iron Gray),71990,42990,2024-10-20 06:56:50.504,2024-11-09 16:19:34.380,0,70,B,Yes
Razor,Gillete,personalcare,['http://res.cloudinary.com/ds68wrni8/image/upload/v1729454749/stationary_products/klnuvwhj0ndqvk7sawxr.jpg'],Gillette Guard Manual Shaving Razor,60,50,2024-10-20 20:06:05.857,2024-11-09 16:21:53.109,0,18,B,No
Beard Trimmer,Philips,personalcare,['http://res.cloudinary.com/ds68wrni8/image/upload/v1729454986/stationary_products/fwsdrigx7ymncdpqsv8c.jpg'],"Philips Battery Powered SkinProtect Beard Trimmer for Men - Lasts 4x Longer, DuraPower Technology, Cordless Rechargeable with USB Charging, Charging Indicator, Travel Lock, No Oil Needed BT1232/18",999,659,2024-10-20 20:10:03.070,2024-11-09 16:22:46.338,0,50,C,No
Waxing Strips,Veet,personalcare,['http://res.cloudinary.com/ds68wrni8/image/upload/v1729455063/stationary_products/kczcnqb0pnga5mfubac5.jpg'],"Veet Professional Waxing Strips Kit For Dry Skin, 20 Strips | Gel Wax Hair Removal For Women | Up To 28 Days Of Smoothness | No Wax Heater Or Wax Beans Required, Pack of 1",300,211,2024-10-20 20:11:18.114,2024-11-09 16:24:01.930,0,20,B,No
Nail Polish,DaBelle,personalcare,['http://res.cloudinary.com/ds68wrni8/image/upload/v1729455174/stationary_products/snngidhlkqp1i2jslfsc.jpg'],DeBelle Gel Nail Polish (Non- UV) | Long Lasting | Seaweed Enriched |Chip Resistant | Toxic & cruelty Free | 6ml (Poise Nicole),199,180,2024-10-20 20:13:10.526,2024-11-09 16:25:28.699,0,15,D,No
Nail Polish,MI beauty,personalcare,['http://res.cloudinary.com/ds68wrni8/image/upload/v1729455227/stationary_products/hdxwndebpfypmkiav4xf.jpg']," MAKE-UP Colorkick Nail Polish, Glossy Finish, Chip Resistant, Cranberry Star 922 | 10ml",190,150,2024-10-20 20:13:57.894,2024-11-09 16:28:12.012,0,15,C,Yes
Nail Polish,Renee,personalcare,['http://res.cloudinary.com/ds68wrni8/image/upload/v1729455290/stationary_products/xmyrtck5sstnipq7eipv.jpg'],"RENEE Hyper Gel Nail Paint- Toffee Brown 10ml | Quick Drying, Glossy Finish, Long Lasting, Chip resisting Formula with High Shine Polish | Acetone & Paraben Free",199,150,2024-10-20 20:15:01.951,2024-11-09 16:29:00.479,0,15,A,Yes
Face wash,Garnier,personalcare,['http://res.cloudinary.com/ds68wrni8/image/upload/v1729455368/stationary_products/acr2ocaun04umbw4gmpy.jpg'],"Garnier Men, Face Wash, Brightening & Anti-Pollution, TurboBright Double Action, 100 g",299,199,2024-10-20 20:16:28.565,2024-11-09 16:30:30.032,0,40,C,No
Face wash,Nivea,personalcare,['http://res.cloudinary.com/ds68wrni8/image/upload/v1729455445/stationary_products/yq4fhoaug1puuh1buvev.jpg'],"NIVEA MEN Dark Spot Reduction Face Wash 100 g | With Ginko and Ginseng Extracts for Clean, Healthy & Clear Skin in Summer | 10 X Vitamin C Effect for Radiant Skin |For Dark Spot Reduction",199,160,2024-10-20 20:17:52.671,2024-11-09 16:31:34.108,0,30,C,No
Face wash,Himalya,personalcare,['http://res.cloudinary.com/ds68wrni8/image/upload/v1729455520/stationary_products/bcdtx5a9owh17peq3ntq.jpg'],"Himalaya SINCE 1930 Himalaya Men Pimple Clear Neem Face Wash, 100Ml",129,99,2024-10-20 20:18:49.748,2024-11-09 16:33:06.554,0,32,B,Yes
Cardboard box pack of 100,Corrugated,transportation,['http://res.cloudinary.com/ds68wrni8/image/upload/v1729455674/stationary_products/x0qnhp2ynydok0wqjwks.jpg'],"Xtra-Small Cardboard Box for Packing, Packing Material, 3Ply 7""X4""X3.5"" corrugated box for packing, Suitable E-commerce Shipping, Recycled Material, Ideal for Home Shifting (Pack of 100)",999,825,2024-10-20 20:21:30.005,2024-11-09 16:38:28.838,0,40,B,Yes
Cardboard box pack of 100,Upack,transportation,['http://res.cloudinary.com/ds68wrni8/image/upload/v1729455732/stationary_products/rho68alltaswt79qrcmz.jpg'],"Xtra-Small Cardboard Box for Packing, Packing Material, 3Ply 7""X4""X3.5"" corrugated box for packing, Suitable E-commerce Shipping, Recycled Material, Ideal for Home Shifting (Pack of 100)",2000,1500,2024-10-20 20:22:26.439,2024-11-09 16:38:53.850,0,30,B,Yes
Brown tape,Cello,transportation,['http://res.cloudinary.com/ds68wrni8/image/upload/v1729455802/stationary_products/o58mzlrkbakrpoo5spji.jpg'],"Cello Brown Tape 2 inch / 48mmx65Meter,42 Micron Thickness Pack of 5 Rolls",30,25,2024-10-20 20:23:28.687,2024-11-09 16:40:27.725,0,20,A,Yes
Brown tape,Amazon Basics,transportation,['http://res.cloudinary.com/ds68wrni8/image/upload/v1729455851/stationary_products/azvdko1eddd015brg1g8.jpg'],"Cello Brown Tape 2 inch / 48mmx65Meter,42 Micron Thickness Pack of 4 Rolls",300,285,2024-10-20 20:24:20.913,2024-11-09 16:40:51.002,0,14,B,No
Tyre ,Jk,transportation,['http://res.cloudinary.com/ds68wrni8/image/upload/v1729456007/stationary_products/oje9wv9nebznpy3kif4c.jpg'],JK Tyre 145/80 R13 Ultima Hi^Life Tubeless Car Tyre,25000,20000,2024-10-20 20:26:59.551,2024-11-09 16:46:07.888,0,50,C,Yes
Tyre,Inakshi,transportation,['http://res.cloudinary.com/ds68wrni8/image/upload/v1729456057/stationary_products/v8m2qgsu369blmoxmdbx.jpg'],Enakshi 4X Tire Wheel Tyre RC Truck Tires for 1/18 RC Truck Climbing Car Spare Parts Black,5000,4500,2024-10-20 20:27:52.473,2024-11-09 16:47:57.408,0,40,C,Yes
Tyre,Proline,transportation,['http://res.cloudinary.com/ds68wrni8/image/upload/v1729456110/stationary_products/vqobbu3m0brr2zqlplbt.jpg'],Pro-Line Racing Badlands MX28 2.8 MTD Raid Black 6x30 F/R PRO1012510 RC Tire,7000,6500,2024-10-20 20:28:44.637,2024-11-09 16:48:43.339,0,40,B,Yes
Refrigerator,Philips,transportation,['http://res.cloudinary.com/ds68wrni8/image/upload/v1729456295/stationary_products/tf1brvyp9dv5646vkqeq.jpg'],"Philips Automotive Car Thermal Box Tb5101,16.5 L Car Refrigerator,12/24V Dc Car Fridge,Freezer With Compressor,Electric Cooler For Car Truck Rv Road Trips Travel & Home Use-5 Star,Frost Free,White",6000,4500,2024-10-20 20:31:48.881,2024-11-09 16:50:33.393,0,45,B,No
Sofa set,Natraj,furniture,['http://res.cloudinary.com/ds68wrni8/image/upload/v1729456384/stationary_products/gbxgotmrfsyjg4swvuov.jpg'],"ATRAJ ART & CRAFT Sheesham Wood 6 Seater Sofa Set for Living Room Wooden Sofa Set for Living Room Furniture (3+2+1, Natural Teak Finish), 5- to 6-",40000,31000,2024-10-20 20:33:14.513,2024-11-09 16:56:22.572,0,29,B,Yes
Sofa set,Teaklab,furniture,['http://res.cloudinary.com/ds68wrni8/image/upload/v1729456426/stationary_products/cobfkvfftlqgmyhsoax8.jpg'],Teak Sectional Sofa Set,120000,100000,2024-10-20 20:33:58.505,2024-11-09 16:58:38.332,0,20,A,Yes
Vedic sofa set,Wooden street,furniture,['http://res.cloudinary.com/ds68wrni8/image/upload/v1729456483/stationary_products/zfdk1vibtyfqhsiqnhep.jpg'],"Wooden Street Vedic 3+1+1 Sheesham Wood Sofa Set With Cane and Brass Detailing (Teak Finish, Jade Ivory)",99000,89000,2024-10-20 20:34:59.566,2024-11-09 16:59:30.712,0,30,B,Yes
Bed set,Wooden street,furniture,['http://res.cloudinary.com/ds68wrni8/image/upload/v1729456535/stationary_products/q8z2gcs0kipctyu6zkrr.jpg'],Feltro Sheesham Wood Sofa Bed With Storage,70000,62000,2024-10-20 20:35:45.744,2024-11-09 17:00:46.339,0,35,B,Yes
Bed set,Spacewood,furniture,['http://res.cloudinary.com/ds68wrni8/image/upload/v1729456582/stationary_products/uakxh0govja0xfvpl3tq.jpg'],Kosmo Alaska V3 King Bed Full Lifton - High Gloss White,120000,160000,2024-10-20 20:36:40.309,2024-11-09 17:02:25.732,0,39,B,Yes
Dressing Table,DesignFit,furniture,['http://res.cloudinary.com/ds68wrni8/image/upload/v1729456654/stationary_products/dmrrhvptlfmlmzdsa1pz.jpg'],DesignFit Engineered Wood Dressing Table with Mirror and Storage Wooden Make-Up Vanity Table for Bedroom Living Room Home (Walnut Finish),40000,30000,2024-10-20 20:37:41.621,2024-11-09 17:03:41.301,0,39,B,Yes
Dressing Table,U.F.,furniture,['http://res.cloudinary.com/ds68wrni8/image/upload/v1729456704/stationary_products/povxmpzgtoepbsx8zl8r.jpg'],"Wooden Bazar Flutura Vanity Dressing Table with mirror modern dressing table designs for bedroom, Grey",50000,35000,2024-10-20 20:38:34.972,2024-11-09 17:05:54.531,0,40,B,No
Chair,Choir,furniture,['http://res.cloudinary.com/ds68wrni8/image/upload/v1729456816/stationary_products/wrer5pso2jduivk6rtlq.jpg'],"Gautam Furniture - Modern Accent Lounge Wing Chair for Living Room Dining Room (Fabric, White, 1 Piece) Pre-Assembled",7000,6500,2024-10-20 20:40:24.793,2024-11-09 17:07:38.639,0,35,B,Yes
Dressing stool,Durian Furniture,furniture,['http://res.cloudinary.com/ds68wrni8/image/upload/v1729456901/stationary_products/ybfsyzwgkwgd6aphrrde.jpg'],Nina-Dresser Stool,5000,4500,2024-10-20 20:41:50.225,2024-11-09 17:08:45.550,0,20,B,Yes
Paper tape,Cello,officesupplies,['http://res.cloudinary.com/ds68wrni8/image/upload/v1729457012/stationary_products/cuuxnelqwpwndgs0vqm0.jpg'],"AIPL Masking Tape - 20 Meter Length 24MM / 1"" Inch - 2 Rolls Per Pack - Easy Tear Tape, Best for Carpenter, Labelling, Painting and leaves no residue after a peel.",300,245,2024-10-20 20:43:43.116,2024-11-09 17:09:56.375,0,10,A,No
Paper tape brown,Upack,officesupplies,['http://res.cloudinary.com/ds68wrni8/image/upload/v1729457071/stationary_products/ufxxvi8y3xicufuh31s2.jpg']," BOPP Packaging Brown Tape - 48MM x 50 Meter| Pack of 6 | for Packaging, Decorating and DIY works",299,249,2024-10-20 20:44:41.956,2024-11-09 17:10:58.255,0,20,A,Yes
Surgical Paper tape,3M,officesupplies,['http://res.cloudinary.com/ds68wrni8/image/upload/v1729457120/stationary_products/d6pmls1neifvjxcrpn9e.jpg'],"3M Brown Tape, 2 inches x 50 m (Pack of 6)",400,345,2024-10-20 20:45:30.332,2024-11-09 17:11:51.943,0,18,B,Yes
Folder,Solimo,officesupplies,['http://res.cloudinary.com/ds68wrni8/image/upload/v1729457163/stationary_products/furvqsp8pgtc5pgkajdb.jpg'],"Solimo File Folder, Transparent Poly-Plastic A4/Foolscap Documents File Storage Bag with Snap Button Set of 5/Certificate File Folder",399,345,2024-10-20 20:46:16.552,2024-11-09 17:12:52.286,0,30,D,No
File,Cello,officesupplies,['http://res.cloudinary.com/ds68wrni8/image/upload/v1729457269/stationary_products/s2zivl3hx2uqskeba1eb.jpg'],"CELLO Transparent Document Folder - Side Opening Colored Poly-Plastic File Storage Bag with Snap Button - A4 & Legal Size Document Folder for Certificates, Plastic File Organizer - Set of 20",300,240,2024-10-20 20:47:56.830,2024-11-09 17:14:00.140,0,30,B,Yes
Printing paper,Sharma Business,officesupplies,['http://res.cloudinary.com/ds68wrni8/image/upload/v1729457331/stationary_products/nxnnoamxyfic739dvvrq.jpg'],SHARMA BUSINESS A4 Printing Paper 70 GSM Set Of 50 Sheets Extra White,399,298,2024-10-20 20:49:09.540,2024-11-09 17:16:15.682,0,15,A,Yes
Printing Paper,Jk,officesupplies,['http://res.cloudinary.com/ds68wrni8/image/upload/v1729457382/stationary_products/fnzfsfc0zqv4b5p0m8sp.jpg'],"JK Copier Paper 75GSM A4, 1 Ream (500Sheets)",350,298,2024-10-20 20:49:48.859,2024-11-09 17:17:18.056,0,15,A,Yes
Flair Pen bundle,Flair,officesupplies,['http://res.cloudinary.com/ds68wrni8/image/upload/v1729457498/stationary_products/iqirxvvwq99c6casnxyi.jpg'],"FLAIR Ezee Click 0.7 to 1 mm Ball Pen Jar Pack | Retractable Mechanism With Comfortable Grip For Smooth Writing | Different Playful Body Colors | Blue Ink, Pack of 25 Pens",350,325,2024-10-20 20:51:51.985,2024-11-09 17:19:24.108,0,20,B,No
Laptop,Hp,electronics,['http://res.cloudinary.com/ds68wrni8/image/upload/v1729457567/stationary_products/gn6xige15pt9lctpjgz7.jpg'],HP 15s Core i3 12th Gen (8GB RAM/512 GB SSD/FHD/Windows 11/MS Office 21/15.6” (39.6cm)/Silver/1.69kg) fy5006TU Laptop,60000,45000,2024-10-20 20:52:54.800,2024-11-09 17:20:28.739,0,60,C,No
Laptop,Dell,electronics,['http://res.cloudinary.com/ds68wrni8/image/upload/v1729457637/stationary_products/phseuzfifyvwzgapbpwt.jpg'],"Dell Inspiron 3520 Laptop, 12th Gen Intel Core i5-1235U Processor, Windows 11 Home, Microsoft Office, 16 GB, 512 GB SSD, 39.62 cm (15.6 inch) Full HD",70000,55000,2024-10-20 20:54:13.958,2024-11-09 17:21:35.694,0,65,A,Yes
Iphone 15,Apple ,electronics,['http://res.cloudinary.com/ds68wrni8/image/upload/v1729457716/stationary_products/lxbxmvivdsl2djspp6cw.jpg'],Apple iPhone 15 (128 GB) - Black,69000,59000,2024-10-20 20:55:30.968,2024-11-09 17:22:39.299,0,50,B,Yes
Iphone 16,Apple,electronics,['http://res.cloudinary.com/ds68wrni8/image/upload/v1729457780/stationary_products/duxo58fzgathpvmn3p8z.jpg'],Apple iPhone 16 (128 GB) - Ultramarine,99000,79000,2024-10-20 20:56:38.225,2024-11-09 17:23:39.622,0,50,A,Yes
Iphone 15 pro,Apple,electronics,['http://res.cloudinary.com/ds68wrni8/image/upload/v1729457845/stationary_products/anybdz5xshy28hpvqeue.jpg'],Apple iPhone 15 Pro (512 GB) - Natural Titanium,129000,109000,2024-10-20 20:57:39.152,2024-11-09 17:24:19.851,0,53,A,Yes
Ipad pro,Apple,electronics,['http://res.cloudinary.com/ds68wrni8/image/upload/v1729457948/stationary_products/iiromplilnpywlfktrdy.jpg'],"Apple iPad Pro 13″ (M4): Ultra Retina XDR Display, 256GB, Landscape 12MP Front Camera / 12MP Back Camera, LiDAR Scanner, Wi-Fi 6E, Face ID, All-Day Battery Life, Standard Glass — Space Black",170000,147000,2024-10-20 20:59:33.448,2024-11-09 17:26:25.643,0,60,B,Yes
Eye shadow,Swiss Beauty,beauty,['http://res.cloudinary.com/ds68wrni8/image/upload/v1729458109/stationary_products/hbpsnh5tzy2xffzux81d.jpg'],"Swiss Beauty Ultimate 9 Pigmented Colors Eyeshadow Palette Long Wearing And Easily Blendable Eye Makeup Palette Matte, Shimmery And Metallic Finish - Multicolor-02, 6G",320,185,2024-10-20 21:01:59.373,2024-11-09 17:27:27.255,0,30,C,No
Kajal,Renee,beauty,['http://res.cloudinary.com/ds68wrni8/image/upload/v1729458259/stationary_products/nkbyydz2xuky0uos20pd.jpg'],"RENEE Midnight Kohl Pencil - Smudgeproof and Waterproof Kajal - 24 Hrs Long Stay - Darkest Black - One Swipe Application - Rich Color Payoff - Vitamin E, Olive Oil and Castor Oil - 1.5 Gm",180,150,2024-10-20 21:04:33.324,2024-11-09 17:28:28.933,0,30,D,No
Kajal,TAC,beauty,['http://res.cloudinary.com/ds68wrni8/image/upload/v1729458299/stationary_products/og9lesicl6ybeq0vs0fh.jpg'],"TAC - The Ayurveda Co. Beautif-Eye Black Kajal Eye Pencil - Smudge & Waterproof - Matte Finish  (Black, 0.35 g)",199,189,2024-10-20 21:05:37.009,2024-11-09 17:29:15.592,0,19,B,Yes
Blush Palette,Swiss Beauty,beauty,['http://res.cloudinary.com/ds68wrni8/image/upload/v1729458821/stationary_products/bdvfi7afvwiiibmbzqqa.jpg'],"Swiss Beauty Pro Blusher & Highlighter Palette For Face Makeup | Shade-02, 18g
",699,599,2024-10-20 21:13:56.048,2024-11-09 17:31:00.408,0,18,B,Yes
Refrigerator,WHIRPOOL,electronics,"['http://res.cloudinary.com/ds68wrni8/image/upload/v1730959633/stationary_products/exxpxj51ejwivvxudgao.jpg', 'http://res.cloudinary.com/ds68wrni8/image/upload/v1730959641/stationary_products/iiqxnt13qlrdmqwwtenu.jpg', 'http://res.cloudinary.com/ds68wrni8/image/upload/v1730959648/stationary_products/iy3idj6g2ee9fqmo6nst.jpg']","Whirlpool 235 L Frost Free Triple-Door Refrigerator (FP 253D PROTTON ROY RADIANT STEEL(Z) Double Door Refrigerator space, 2024 Model)",38150,25790,2024-11-07 06:50:49.573,2024-11-07 07:21:40.312,0,125,C,Yes
Refrigerator,SAMSUNG,electronics,"['http://res.cloudinary.com/ds68wrni8/image/upload/v1731261237/stationary_products/uibdmn7ikw1gaq0my2zl.webp', 'http://res.cloudinary.com/ds68wrni8/image/upload/v1731261245/stationary_products/wi8yzlnllqwt4fonx84a.jpg', 'http://res.cloudinary.com/ds68wrni8/image/upload/v1731261260/stationary_products/rke3gykniuqqk1u46yh1.jpg', 'http://res.cloudinary.com/ds68wrni8/image/upload/v1731261268/stationary_products/ztuc79ixtdm3dr43caf0.jpg']","Samsung 363 L, 3 Star, Convertible 5-in-1 Digital Inverter with Display Frost Free Double Door Refrigerator (RT39C553EBX/HL, Luxe Black, 2024 Model)",65390,44390,2024-11-07 06:59:25.494,2024-11-10 17:54:32.103,0,110,C,Yes
Refrigerator,SAMSUNG,electronics,"['http://res.cloudinary.com/ds68wrni8/image/upload/v1730962476/stationary_products/fz4jibrryjcxdsuxex4u.jpg', 'http://res.cloudinary.com/ds68wrni8/image/upload/v1730962487/stationary_products/hoptgsynniyavsbmxaqp.jpg', 'http://res.cloudinary.com/ds68wrni8/image/upload/v1730962495/stationary_products/e6okizp3qr8dnhghxq8o.jpg', 'http://res.cloudinary.com/ds68wrni8/image/upload/v1730962503/stationary_products/j8byll5lwkjj2zeqxiv7.jpg']","Samsung 363 L, 3 Star, Convertible 5-in-1 Digital Inverter with Display Frost Free Double Door Refrigerator (RT39C553EBX/HL, Luxe Black, 2024 Model)",65390,44390,2024-11-07 06:59:29.595,2024-11-07 06:59:29.595,0,110,C,Yes
Gps Tracking Device,QUBO,transportation,"['http://res.cloudinary.com/ds68wrni8/image/upload/v1730964421/stationary_products/drtbbhiisjnhnusvvghd.jpg', 'http://res.cloudinary.com/ds68wrni8/image/upload/v1730964435/stationary_products/exfkbymvecvd9engxqz6.jpg', 'http://res.cloudinary.com/ds68wrni8/image/upload/v1730964561/stationary_products/dl44ljtlyb8vmzffszj6.jpg']","Qubo Wireless GPS Tracker from Hero Group | Pre-Recharged SIM | Voice Monitoring | 10000 mAh Battery | Ride Start & Geo Fence Alerts | for Car, Bike, Scooty | 1 Year App Subscription Included",6690,4488,2024-11-07 07:32:43.975,2024-11-07 07:32:43.975,0,90,B,Yes
Gps Tracking Device,Ajjas GO,transportation,"['http://res.cloudinary.com/ds68wrni8/image/upload/v1730964862/stationary_products/oalvs2x1rak9ruo47lbn.jpg', 'http://res.cloudinary.com/ds68wrni8/image/upload/v1730964867/stationary_products/w03qnyizd5dhjetqkxrb.jpg', 'http://res.cloudinary.com/ds68wrni8/image/upload/v1730964904/stationary_products/ootvdyltgmkxgr5wpluv.jpg']","Ajjas GO - Wireless GPS Tracker for Car, Family Vehicles, Scooty or Anything | Premium Mobile App | Voice Monitoring | 1 Year Android + iOS Software |
",9999,3788,2024-11-07 07:36:37.565,2024-11-07 07:36:37.565,0,85,B,Yes
Gps Tracking Device,Ajjas GO,transportation,"['http://res.cloudinary.com/ds68wrni8/image/upload/v1730964862/stationary_products/oalvs2x1rak9ruo47lbn.jpg', 'http://res.cloudinary.com/ds68wrni8/image/upload/v1730964867/stationary_products/w03qnyizd5dhjetqkxrb.jpg', 'http://res.cloudinary.com/ds68wrni8/image/upload/v1730964904/stationary_products/ootvdyltgmkxgr5wpluv.jpg']","Ajjas GO - Wireless GPS Tracker for Car, Family Vehicles, Scooty or Anything | Premium Mobile App | Voice Monitoring | 1 Year Android + iOS Software |
",9999,3788,2024-11-07 07:37:01.775,2024-11-07 07:37:01.775,0,85,B,Yes
Collision Detection System,Power Acoustik,transportation,"['http://res.cloudinary.com/ds68wrni8/image/upload/v1730965172/stationary_products/hvav0ttf5c9xx5nejivx.jpg', 'http://res.cloudinary.com/ds68wrni8/image/upload/v1730965181/stationary_products/fejcqs5dmbfk3lf2pfdt.jpg']","Power Acoustik DVALT Lane Departure, Front Collision Warning System with DVR",11099,7770,2024-11-07 07:44:46.416,2024-11-07 07:44:46.416,0,90,D,No
Anti Collision Anti-Tailing System,Citaaz,transportation,"['http://res.cloudinary.com/ds68wrni8/image/upload/v1730965868/stationary_products/qimrda3qvqowjxqjjrxh.jpg', 'http://res.cloudinary.com/ds68wrni8/image/upload/v1730965871/stationary_products/n91ccsoqyb59xekl6h1v.jpg']",Citaaz Solar Shark Fin Warning Light 4 Colorf Warning Flash Taillight Solar Power Anti Collision Anti-Tailing Trim Shark Fin Antenna for Car - (Gray),999,499,2024-11-07 07:51:56.503,2024-11-07 07:51:56.503,0,70,B,No
Dashboard Camera,QUBO,transportation,"['http://res.cloudinary.com/ds68wrni8/image/upload/v1730966112/stationary_products/elag0i463zp4sshcedty.jpg', 'http://res.cloudinary.com/ds68wrni8/image/upload/v1730966119/stationary_products/jjbmv81egseesyl96tnw.jpg', 'http://res.cloudinary.com/ds68wrni8/image/upload/v1730966124/stationary_products/a5hodv1ywjou5s5bk1hs.jpg']",Qubo Car Dash Camera Pro X 3MP 2K 1296p from Hero Group | Made in India | Super Capacitor| Wide Angle View | Emergency Recording | SD Card Upto 1TB Supported | Easy DIY Set Up | (Space Grey),5990,3489,2024-11-07 07:58:18.295,2024-11-07 07:58:18.295,0,70,C,No
Dashboard Camera,NEXDIGITRON,transportation,"['http://res.cloudinary.com/ds68wrni8/image/upload/v1730966388/stationary_products/yjdhx4wxllbpcoiyctz8.jpg', 'http://res.cloudinary.com/ds68wrni8/image/upload/v1730966394/stationary_products/mdudkqmxjkrzurjoowbp.jpg']","NEXDIGITRON ACE 2 Car Dash Camera with in-Built GPS Logger, Native 2K 1440P, 0.96"" Screen, Voice Control, Super-Capacitor, F1.8 6G Lens, Optional Parking Mode, Upto 256GB Supported",8999,4999,2024-11-07 08:01:08.784,2024-11-07 08:01:08.784,0,75,B,No
Battery,TATA,transportation,['http://res.cloudinary.com/ds68wrni8/image/upload/v1730966551/stationary_products/j93qfr928we95lo0swms.webp'],Tata Green Batteries Car Battery | Tg350L (12V & 32Ah) | 24 Months Warranty,3703,3299,2024-11-07 08:04:15.872,2024-11-07 08:04:15.872,0,148,E,Yes
Foundation Cream,MAYBELLINE,beauty,"['http://res.cloudinary.com/ds68wrni8/image/upload/v1730970918/stationary_products/gvypl1ukgxmzp8ggocoe.jpg', 'http://res.cloudinary.com/ds68wrni8/image/upload/v1730970923/stationary_products/t9zcn3wcedmzpqcoezal.jpg', 'http://res.cloudinary.com/ds68wrni8/image/upload/v1730970931/stationary_products/kbiqrcifbiducy92pmje.jpg']","Maybelline New York Liquid Foundation, Matte & Poreless, Full Coverage Blendable Normal to Oily Skin, Fit Me, 115 Ivory, 18ml",329,197,2024-11-07 09:17:47.261,2024-11-07 09:17:47.261,0,50,A,Yes
Facial Kit,MAMAEARTH,beauty,"['http://res.cloudinary.com/ds68wrni8/image/upload/v1730971153/stationary_products/hd7uaa5qtbaoajrhyll0.jpg', 'http://res.cloudinary.com/ds68wrni8/image/upload/v1730971158/stationary_products/bkqhqskjbyew3c3rimay.jpg', 'http://res.cloudinary.com/ds68wrni8/image/upload/v1730971165/stationary_products/yzjybuozgrvdu46vbqke.jpg']",Mamaearth Rice Facial Kit With Rice Water & Niacinamide for Glass Skin - 60 g | Salon-Like Glowing Skin in 6 Easy Steps | Improves Skin Texture | Instant Glow | Suitable for all skin types,399,354,2024-11-07 09:22:12.057,2024-11-07 09:22:12.057,0,59,B,Yes
Wardrobe,WAKEFIT,furniture,"['http://res.cloudinary.com/ds68wrni8/image/upload/v1730971674/stationary_products/smiwtskrunfw0ohbdvia.jpg', 'http://res.cloudinary.com/ds68wrni8/image/upload/v1730971679/stationary_products/d8guhdjxcnwn8b52tg8i.jpg', 'http://res.cloudinary.com/ds68wrni8/image/upload/v1730971685/stationary_products/wbazl82acw6fbtxwt0jp.jpg']","Wakefit Wardrobe | 1 Year Warranty | Almirah, Cupboard for Clothes, Wooden Almirah for Clothes, Diwali Gifts, Hunor 1 Door Without Mirror, No Drawer & No Hanging Space, 18MM Panels (Frosty White)",12165,7299,2024-11-07 09:30:13.254,2024-11-07 09:30:13.254,0,70,B,Yes
Almirah,GODREJ,furniture,"['http://res.cloudinary.com/ds68wrni8/image/upload/v1730971946/stationary_products/oa69b82caokw8o7mahsq.jpg', 'http://res.cloudinary.com/ds68wrni8/image/upload/v1730971950/stationary_products/y7gvoaraxnurkmtkrtxf.jpg', 'http://res.cloudinary.com/ds68wrni8/image/upload/v1730971956/stationary_products/f9fngnzwqb7ardmaogm7.jpg']",GODREJ INTERIO StorEase 2-Door Minor Almirah with Steel Swing Doors(Pastel Blue),15023,11990,2024-11-07 09:34:31.367,2024-11-07 09:34:31.367,0,100,D,Yes
Kurta Pyjama,ETHLUXIS,fashion,"['http://res.cloudinary.com/ds68wrni8/image/upload/v1731161701/stationary_products/ww3ruqf2recpkirilppb.jpg', 'http://res.cloudinary.com/ds68wrni8/image/upload/v1731161715/stationary_products/plkvi3p4ib0vea3mypxn.jpg', 'http://res.cloudinary.com/ds68wrni8/image/upload/v1731161721/stationary_products/rrzocpxmpadljqptxwkv.jpg']",Ethluxis® Men's Silk Blend Kurta Churidar Pyjama with Ethnic Bundi Jacket Set,6999,1898,2024-11-09 14:21:28.225,2024-11-09 14:21:28.225,0,160,E,No
Kurta Pyjama,SOJANYA,fashion,"['http://res.cloudinary.com/ds68wrni8/image/upload/v1731162198/stationary_products/uvvv88eyeqtp91gh5k7i.jpg', 'http://res.cloudinary.com/ds68wrni8/image/upload/v1731162205/stationary_products/v0hzrlrtuccet1jcgehp.jpg', 'http://res.cloudinary.com/ds68wrni8/image/upload/v1731162212/stationary_products/htm1pfqgyrumkyzliu5n.jpg']",SOJANYA (Since 1958 Men's Emerald Green Jacquard Silk Kurta & Churidaar Pyjama,5499,1434,2024-11-09 14:25:10.294,2024-11-09 14:25:10.294,0,165,E,No
Washing Machine,WHIRPOOL,electronics,"['http://res.cloudinary.com/ds68wrni8/image/upload/v1731162771/stationary_products/sgwr1g39vknxfl2m6bl0.webp', 'http://res.cloudinary.com/ds68wrni8/image/upload/v1731162779/stationary_products/ur3i0rjm60zewtzgvpfo.jpg', 'http://res.cloudinary.com/ds68wrni8/image/upload/v1731162789/stationary_products/caemgvvhbutnjmfwpglk.jpg']",Whirlpool 7.5 Kg 5 Star StainWash Royal Plus Fully Automatic Top Load Washing Machine (SW ROYAL PLUS 7.5 (H) GREY 10YMW with In-Built Heater),23180,17790,2024-11-09 14:37:41.203,2024-11-09 14:37:41.203,0,120,C,Yes
Washing Machine,PANASONIC,electronics,"['http://res.cloudinary.com/ds68wrni8/image/upload/v1731163229/stationary_products/xbnmxb1vgge3jxf1l3mb.jpg', 'http://res.cloudinary.com/ds68wrni8/image/upload/v1731163239/stationary_products/s2ns92phamfugqe7fjvn.jpg', 'http://res.cloudinary.com/ds68wrni8/image/upload/v1731163244/stationary_products/e50wtwd1nvpdueqfkvoa.jpg']","Panasonic 7 kg 5 Star Inverter Fully Automatic Front Loading Washing Machine with Built-In Heater (NA-147MH2L01, Dark Silver, 2024 Model)",38000,26490,2024-11-09 14:43:01.437,2024-11-09 14:43:01.437,0,110,C,Yes
Trimmer,PHILIPS,personalcare,"['http://res.cloudinary.com/ds68wrni8/image/upload/v1731163562/stationary_products/rzlqqbehlwbbgrcglypz.webp', 'http://res.cloudinary.com/ds68wrni8/image/upload/v1731163575/stationary_products/ec6eh8joc3h2ctcbdv3t.jpg']",Philips OneBlade Hybrid Trimmer and Shaver | Zero Trim in One Stroke | 2x Powerful Motor | Longer Battery Life I No Skin Irritation as Blade Never Touches Skin | Dual Protection Technology | Designed for Alpha Men | QP2724/10,2199,1976,2024-11-09 14:48:25.430,2024-11-09 14:48:25.430,0,70,B,Yes
Scalp Massager,BEARDO,personalcare,"['http://res.cloudinary.com/ds68wrni8/image/upload/v1731163822/stationary_products/jmu6hyuxb5okoifwbwkz.webp', 'http://res.cloudinary.com/ds68wrni8/image/upload/v1731163831/stationary_products/vlmeaje4cgide9cnu0jx.jpg', 'http://res.cloudinary.com/ds68wrni8/image/upload/v1731163838/stationary_products/minrzgh0s4uxyhbvwftn.jpg']","Beardo Scalp Massager for Hair with Removable Handle | Soft Silicone Bristles for Dry Massage, Oil & Shampoo",299,169,2024-11-09 14:53:53.061,2024-11-09 14:53:53.061,0,50,B,Yes
Battery,AMAZON GO,transportation,['http://res.cloudinary.com/ds68wrni8/image/upload/v1731164227/stationary_products/le74yw7lxp0tve66vsj9.webp'],Amaron Go-38B20L Go 12 Volts 35Ah Front Car Battery,4900,4699,2024-11-09 15:00:45.757,2024-11-09 15:00:45.757,0,180,D,Yes
Battery Charger,VERILUX,transportation,"['http://res.cloudinary.com/ds68wrni8/image/upload/v1731164543/stationary_products/fwvdjfjrkdi6rjs2bwdt.jpg', 'http://res.cloudinary.com/ds68wrni8/image/upload/v1731164550/stationary_products/rproj56gnoqksncntwa2.jpg']","Verilux® Fully Automatic Battery Charger 5A 12V, Car Battery Charger & Maintainer- EU Plugfor Car, Motorcycle, Lawn Mower and More(Red)",2152,1599,2024-11-09 15:07:33.092,2024-11-09 15:07:33.092,0,65,C,Yes
Ball Pen,PENTONIC,officesupplies,"['http://res.cloudinary.com/ds68wrni8/image/upload/v1731165130/stationary_products/iu9rouxoii9ykbkrw2ev.jpg', 'http://res.cloudinary.com/ds68wrni8/image/upload/v1731165141/stationary_products/vvnyxm4ti2lzeoqjastq.jpg']",Pentonic B-RT 0.7mm Retractable Ball Pen Blister Pack | Black Ink | Set of 10 x 2 Packs,480,480,2024-11-09 15:14:53.237,2024-11-09 15:14:53.237,0,59,B,Yes
Cobra File,Happy,officesupplies,['http://res.cloudinary.com/ds68wrni8/image/upload/v1731165355/stationary_products/yg0avrp1tmvxk0jce30u.webp'],"Happy Cobra Spring File, Office Files, File Folders For Office, Schools, Colleges And Home Documents (Pack Of 10), Multicolored",400,235,2024-11-09 15:16:55.050,2024-11-09 15:16:55.050,0,49,A,Yes
Lipstick,Sugar,beauty,"['http://res.cloudinary.com/ds68wrni8/image/upload/v1731165506/stationary_products/zsct4swmzfdc8wzpi1hy.webp', 'http://res.cloudinary.com/ds68wrni8/image/upload/v1731165521/stationary_products/yqzbwxvvpvyy7sc9yvbf.jpg']",SUGAR Cosmetics Matte Attack Lipstick for Women | Transferproof & Smudgeproof | Lasts upto 12hrs | Enriched With Jojoba Oil | 2gm - 17 Grateful Red,699,557,2024-11-09 15:19:47.063,2024-11-09 15:19:47.063,0,70,B,Yes
Lipstick,LAKME,beauty,['http://res.cloudinary.com/ds68wrni8/image/upload/v1731165639/stationary_products/uvcbwismodl2suymviua.webp'],"LAKMÉ 9 To 5 Primer + Matte Lipstick, Matte Finish, Lightweight Lipstick, Lasts For 16Hrs, Nourishes Lips & Great For Daily Use, Burgundy Passion, 3.6G",599,297,2024-11-09 15:21:31.034,2024-11-09 15:21:31.034,0,52,C,Yes
Bed Set,WAKEUP INDIA,furniture,['http://res.cloudinary.com/ds68wrni8/image/upload/v1731165850/stationary_products/z8ik3qtgpzontravdmrs.webp'],"wakeup INDIA Pluto Sheesham Solid Wood King Size Bed with Storage | Rosewood Bedroom Double Cot | Noise Free | Zero Partner Disturbance (Compartment-4, Size-78X72 Inches, Dark Brown)",61982,28999,2024-11-09 15:26:20.587,2024-11-09 15:26:20.587,0,80,B,Yes
Wardrobe,STUDIO KOOK,furniture,['http://res.cloudinary.com/ds68wrni8/image/upload/v1731166062/stationary_products/kzi6whu1wnfqjwzjljhp.webp'],Studio Kook Amari Engineered Wood 4 Door Wardrobe (Matte Finish) (Junglewood),78555,31496,2024-11-09 15:29:14.067,2024-11-09 15:29:14.067,0,75,B,Yes
BodyLotion,Nivea,personalcare,['http://res.cloudinary.com/ds68wrni8/image/upload/v1731266586/stationary_products/xzetygzxttelaacysgxx.jpg'],"Nivea Body Milk Nourishing Lotion for Very Dry Skin is a rich and creamy moisturizer specially designed to provide intensive hydration to very dry skin. Enriched with the nourishing properties of almond oil, it deeply nourishes and replenishes the skin's moisture barrier, leaving it soft, smooth, and visibly healthier. The fast-absorbing formula absorbs quickly into the skin without leaving a greasy residue, providing long-lasting hydration and protection against dryness. Dermatologically tested and suitable for daily use, this lotion helps restore the skin's natural moisture balance, keeping it moisturized and radiant all day long. So what are you waiting for? Go ahead and buy this product online today!",259,247,2024-11-10 19:27:21.818,2024-11-10 19:27:21.818,0,1,C,Yes
Suit And Plazo,KAAYADA,fashion,"['http://res.cloudinary.com/ds68wrni8/image/upload/v1731293265/stationary_products/d9wid83lsjj7mpljmrzz.jpg', 'http://res.cloudinary.com/ds68wrni8/image/upload/v1731293270/stationary_products/va57oj27xteuxfqgjg6x.jpg', 'http://res.cloudinary.com/ds68wrni8/image/upload/v1731293276/stationary_products/eeqqdghgewxvefw8m38n.jpg']",KAAYADA Plazo Suit Embroidered Straight Kurta Set with Dupatta| Ethnic Wear for Women Fancy and Looking Dress,4599,4587,2024-11-11 02:50:12.471,2024-11-11 02:50:12.471,0,20,A,Yes
Kurti With Plazo,AMAYRA,fashion,"['http://res.cloudinary.com/ds68wrni8/image/upload/v1731293458/stationary_products/tfcmzfjgdmdkhnemxc4u.jpg', 'http://res.cloudinary.com/ds68wrni8/image/upload/v1731293466/stationary_products/daciq7ojneg86d6sjoox.jpg', 'http://res.cloudinary.com/ds68wrni8/image/upload/v1731293472/stationary_products/s3dfykq6c0zp2ebsgtvs.jpg']",Amayra Women's Cotton Printed Anarkali Kurta with Palazzo Pants and Dupatta,2999,997,2024-11-11 02:52:36.413,2024-11-11 02:52:36.413,0,23,B,Yes
Headphones,JBL,electronics,"['http://res.cloudinary.com/ds68wrni8/image/upload/v1731293648/stationary_products/l34zd1xvsobbsdopx3xp.webp', 'http://res.cloudinary.com/ds68wrni8/image/upload/v1731293654/stationary_products/ktijvlljteuoogn9wdzz.jpg', 'http://res.cloudinary.com/ds68wrni8/image/upload/v1731293658/stationary_products/tqou0mxrjftqwdoralh7.jpg']","JBL Tune 770NC Wireless Over Ear ANC Headphones with Mic, Upto 70 Hrs Playtime, Speedcharge, Google Fast Pair, Dual Pairing, BT 5.3 LE Audio, Customize on Headphones App (Black)",9999,5999,2024-11-11 02:56:16.270,2024-11-11 02:56:16.270,0,10,A,Yes
Headphones,SONY,electronics,"['http://res.cloudinary.com/ds68wrni8/image/upload/v1731293821/stationary_products/ardp63fc5p9sfsodbawt.webp', 'http://res.cloudinary.com/ds68wrni8/image/upload/v1731293826/stationary_products/r9lq10hr4obin14o5mvf.jpg']","Sony WH-1000XM4 Industry Leading Wireless Noise Cancellation Bluetooth Over Ear Headphones with Mic for Phone Calls, 30 Hours Battery Life, Quick Charge, AUX, Touch Control and Voice Control - Black",29990,22990,2024-11-11 02:58:50.975,2024-11-11 02:58:50.975,0,25,B,Yes
Speakers,SONY,electronics,"['http://res.cloudinary.com/ds68wrni8/image/upload/v1731293992/stationary_products/qphqdxmgdcn8cdn1kwxo.webp', 'http://res.cloudinary.com/ds68wrni8/image/upload/v1731294001/stationary_products/zvdfwoditelpiuionvjq.jpg', 'http://res.cloudinary.com/ds68wrni8/image/upload/v1731294010/stationary_products/r5eiw0ua3kdesj1e5dnf.jpg']","Sony HT-S20R Real 5.1ch Dolby Digital Soundbar for TV with subwoofer and Compact Rear Speakers, 5.1ch Home Theatre System (400W,Bluetooth & USB Connectivity, HDMI & Optical connectivity)",19990,16999,2024-11-11 03:01:50.038,2024-11-11 03:01:50.038,0,224,D,Yes
Speakers,JBL,electronics,"['http://res.cloudinary.com/ds68wrni8/image/upload/v1731294146/stationary_products/r4dhbrba2ein3isaowsf.webp', 'http://res.cloudinary.com/ds68wrni8/image/upload/v1731294164/stationary_products/evzqe1xjno133g6xdguy.jpg', 'http://res.cloudinary.com/ds68wrni8/image/upload/v1731294172/stationary_products/ob9jkdniqny8cmkqazu1.jpg']","JBL Cinema SB271, Dolby Digital Soundbar with Wireless Subwoofer for Extra Deep Bass, 2.1 Channel Home Theatre with Remote, HDMI ARC, Bluetooth & Optical Connectivity (220W)",18999,12999,2024-11-11 03:04:56.785,2024-11-11 03:04:56.785,0,150,A,Yes
